Wall time,Step,Value
1769778274.9682288,189,286840.3125
1769778308.5264652,479,304149.6875
1769778326.5469484,629,259299.875
1769778327.7096136,639,270382.3125
1769778357.7192216,899,261153.375
1769778373.8591065,1039,252393.859375
1769778378.480381,1079,252862.40625
1769778402.8999462,1289,251254.125
1769778444.7855897,1649,221073.140625
1769778453.9693148,1729,229929.71875
1769778492.735061,1919,228586.875
1769778506.6497154,2039,241652.96875
1769778554.2458427,2449,201782.34375
1769778571.63383,2599,208278.9375
1769778598.3188279,2829,224013.15625
1769778601.805644,2859,213124.53125
1769778641.9237232,3199,198942.890625
1769778714.585054,3669,204698.375
1769778738.1586096,3869,209212.796875
1769778756.6600094,4029,206045.09375
1769778771.756995,4159,191674.25
1769778797.3087132,4379,197670.9375
1769778829.8267627,4659,194076.828125
1769778841.4470785,4759,199916.359375
1769778848.4181716,4819,182807.125
1769778883.4325583,5109,199180.75
1769778910.1607125,5339,208793.28125
1769778933.1869204,5389,210453.546875
1769778935.5006387,5409,197802.375
1769778954.0326862,5569,204715.0625
1769778960.9785597,5629,182906.875
1769779000.3725834,5969,191050.09375
1769779047.7876835,6379,185022.53125
1769779054.7115712,6439,186670.75
1769779055.8774261,6449,202443.6875
1769779072.0693848,6589,186430.15625
1769779094.0131648,6759,198525.296875
1769779167.042849,7219,188777.1875
1769779216.7601874,7649,190698.21875
1769779229.4971642,7759,191116.75
1769779263.1715198,8049,192384.484375
1769779325.7907155,8579,199912.5625
1769779336.2384665,8669,196879.1875
1769779359.4363363,8869,196721.546875
1769779443.895041,9429,197509.0
1769779512.3280854,9999,185843.375
1769779530.8461056,10159,188568.03125
1769779543.6059558,10269,183495.96875
1769779556.4127812,10379,204784.109375
1769779578.5261035,10569,181134.125
1769779612.4384866,10719,190595.734375
1769779656.5588875,11099,187721.96875
1769779658.8732064,11119,189538.0
1769779675.076427,11259,183264.421875
1769779683.217047,11329,175885.90625
1769779706.3503072,11529,192541.109375
1769779720.1519103,11649,171538.078125
1769779731.766017,11749,185719.8125
1769779734.0983076,11769,181625.75
1769779743.3820922,11849,195405.4375
1769779783.3915617,12189,189238.390625
1769779839.7072346,12529,191150.96875
1769779842.0166183,12549,192529.90625
1769779845.498254,12579,181647.1875
1769779857.0977283,12679,202383.15625
1769779861.7427857,12719,183235.828125
1769779924.0717957,13259,198027.65625
1769779947.2908392,13459,188040.1875
1769779984.2476168,13769,181919.375
1769780032.2505836,14179,193769.75
1769780095.9519594,14579,188157.75
1769780097.1116357,14589,194187.015625
1769780138.8501956,14949,185344.1875
1769780157.3357093,15109,177532.96875
1769780160.7994986,15139,181050.609375
1769780201.4053593,15489,192579.78125
1769780204.8823843,15519,186152.453125
1769780221.1369646,15659,182490.78125
1769780244.3594284,15859,181502.0
1769780257.1325486,15969,190803.6875
1769780312.6975155,16279,180513.078125
1769780321.954871,16359,185203.53125
1769780362.875708,16709,185061.375
1769780380.2673593,16859,175874.328125
1769780400.0265467,17029,172308.71875
1769780402.3520477,17049,187023.3125
1769780410.7159762,17119,170524.34375
1769780492.1538396,17779,189953.203125
1769780594.44121,18479,181931.515625
1769780609.492474,18609,174407.03125
1769780617.5961456,18679,181494.4375
1769780655.374486,18999,183218.46875
1769780658.904836,19029,191257.28125
1769780667.0976,19099,170878.9375
1769780704.0940037,19409,176203.65625
1769780727.86032,19609,171338.125
1769780746.609922,19619,173502.9375
1769780767.5614948,19799,169500.03125
1769780876.337702,20709,186386.46875
1769780887.4430687,20799,174964.90625
1769780899.4939253,20899,175985.6875
1769780912.3153553,21009,173696.6875
1769781058.6077232,22099,171153.375
1769781093.3698487,22399,166241.453125
1769781210.1484048,23199,165837.71875
1769781257.581803,23599,176120.1875
1769781298.5333006,23949,179761.8125
1769781350.4537377,24369,165793.578125
1769781356.520906,24419,183752.28125
1769781372.6222966,24549,173681.0625
1769781382.2413414,24629,177669.296875
1769781385.8493617,24659,165853.96875
1769781409.6012664,24859,162676.625
1769781449.8864634,25039,164004.890625
1769781467.3175566,25179,193173.15625
1769781482.9128165,25309,175029.4375
1769781537.7302082,25779,154949.296875
1769781538.8971121,25789,173282.8125
1769781563.3726628,25999,179766.03125
1769781596.7364821,26279,174863.140625
1769781606.0100453,26359,174799.734375
1769781615.3019505,26439,177468.53125
1769781682.6026478,26849,176670.59375
1769781693.1960673,26939,164402.9375
1769781710.577179,27089,178216.140625
1769781720.9875126,27179,173016.0
1769781741.1966114,27349,178130.46875
1769781748.2431364,27409,171806.78125
1769781763.687136,27539,183337.0
1769781764.8643372,27549,174454.25
1769781766.0249255,27559,182222.8125
1769781781.3592765,27689,170828.828125
1769781802.262211,27859,176354.6875
1769781834.3293777,28129,183110.59375
1769781860.5801458,28349,181405.921875
1769781872.2264485,28449,168758.53125
1769781910.4955454,28619,172290.046875
1769781983.742321,29219,177128.890625
1769782024.1798272,29529,184574.71875
1769782037.532875,29629,178205.1875
1769782050.907554,29739,187171.75
1769782144.0148997,30349,178714.875
1769782203.5986059,30839,175436.9375
1769782204.7584305,30849,176897.6875
1769782229.088113,31049,177806.09375
1769782230.3682554,31059,168435.4375
1769782247.7558105,31209,172104.4375
1769782278.6354048,31459,162357.875
1769782311.711809,31739,173479.984375
1769782334.2874775,31929,172921.65625
1769782342.471313,31999,169251.65625
1769782382.3400023,32179,174249.59375
1769782385.8811398,32209,171282.921875
1769782410.735113,32419,175043.71875
1769782440.0299432,32659,185005.65625
1769782443.5026608,32689,173459.84375
1769782488.0247643,33069,164727.0625
1769782547.5334787,33569,182560.28125
1769782622.0178232,34049,164323.6875
1769782689.1870012,34619,175017.34375
1769782715.6020143,34839,167116.59375
1769782716.897243,34849,176113.015625
1769782725.774645,34919,182481.71875
1769782736.9281943,35009,170450.71875
1769782769.463446,35269,167110.9375
1769782833.2071855,35669,183874.234375
1769782836.695179,35699,178768.34375
1769782873.2768655,36009,173926.109375
1769782891.8499246,36169,163791.8125
1769782936.2752297,36549,177609.5
1769782939.8370457,36579,162130.484375
1769782944.8360717,36619,171731.9375
1769782953.496566,36689,169473.171875
1769782957.0088801,36719,171823.03125
1769782981.1409757,36909,168302.5625
1769783006.7228124,37129,182489.8125
1769783084.361967,37619,180481.71875
1769783108.7378812,37829,166036.71875
1769783185.934161,38489,169326.265625
1769783188.2544181,38509,171704.375
1769783210.2466583,38699,164933.75
1769783248.5172048,39029,176534.96875
1769783258.9975379,39119,179706.765625
1769783263.6426857,39159,170016.453125
1769783270.6021008,39219,170587.15625
1769783301.8030775,39339,185869.84375
1769783305.2805617,39369,172875.90625
1769783350.4698436,39759,167149.59375
1769783393.5632877,40129,180167.984375
1769783395.9965248,40149,166639.90625
1769783406.5075965,40239,180673.9375
1769783419.2750392,40349,180735.40625
1769783426.2464614,40409,163437.9375
1769783434.3527277,40479,167667.09375
1769783477.3114514,40849,159734.546875
1769783524.3645601,41099,176625.71875
1769783531.3077846,41159,171210.25
1769783538.2578366,41219,182887.734375
1769783541.7595243,41249,169707.53125
1769783567.152833,41469,163255.0625
1769783608.0030453,41819,174784.671875
1769783620.7609377,41929,180709.71875
1769783661.3465226,42279,173351.203125
1769783695.9851127,42579,160762.125
1769783782.9485562,43189,171893.484375
1769783794.5795546,43289,175717.0
1769783927.8592134,44439,174096.453125
1769783940.5973303,44549,180668.59375
1769784039.9097764,45259,167186.0625
1769784051.512086,45359,176140.96875
1769784056.1486344,45399,165046.78125
1769784085.1513238,45649,175769.5
1769784140.6682997,46129,159678.9375
1769784202.3282642,46499,159410.796875
1769784245.328687,46869,167456.171875
1769784249.962303,46909,173523.671875
1769784252.3019524,46929,176361.25
1769784259.6164846,46989,178111.515625
1769784270.014039,47079,172175.71875
1769784296.6450875,47309,164066.5625
1769784351.1886992,47779,177003.03125
1769784429.5971422,48309,169570.1875
1769784431.9208703,48329,164895.96875
1769784435.4128506,48359,172858.5
1769784436.575791,48369,165590.375
1769784445.8954995,48449,163711.09375
1769784490.0331855,48829,179040.875
1769784523.010013,49109,168519.90625
1769784544.9159057,49299,165517.28125
1769784557.6741421,49409,170137.953125
1769784568.1549363,49499,163095.84375
1769784603.96624,49809,167892.53125
1769784616.7649593,49919,167746.09375
1769784698.9447293,50479,160609.703125
1769784720.9927533,50669,175881.3125
1769784736.1006882,50799,164365.875
1769784746.5060267,50889,161559.078125
1769784748.817154,50909,161263.734375
1769784797.242084,51329,162860.5
1769784801.9047172,51369,162660.796875
1769784819.3313925,51519,178153.109375
1769784822.8067172,51549,162388.890625
1769784824.0066245,51559,167489.90625
1769784879.7651467,51879,159723.1875
1769784894.8742971,52009,166744.0
1769784923.7643328,52259,167604.78125
1769784938.7720501,52389,184771.09375
1769784956.1902869,52539,168328.96875
1769784966.65409,52629,160588.1875
1769784970.1313272,52659,172356.859375
1769785004.9153564,52959,170436.53125
1769785032.529151,53199,178053.609375
1769785035.9822001,53229,165143.8125
1769785100.585235,53629,170361.890625
1769785109.8643167,53709,160836.140625
1769785148.0360594,54039,176331.015625
1769785196.5256455,54459,155316.671875
1769785206.9410148,54549,168646.859375
1769785212.7567618,54599,169189.59375
1769785270.7875838,55099,162459.625
1769785284.7272766,55219,163135.875
1769785471.6851091,56679,171007.5625
1769785557.788402,57309,163394.15625
1769785590.2575004,57589,164109.4375
1769785616.9421504,57819,173415.875
1769785675.9390736,58329,165931.15625
1769785715.8169794,58669,170595.4375
1769785731.0500991,58799,160978.75
1769785826.5080922,59489,156307.375
1769785835.9253333,59569,167671.171875
1769785864.8733418,59819,169314.921875
1769785883.4862587,59979,171521.9375
1769785897.4250813,60099,161940.5625
1769785948.6865652,60539,163063.5625
1769786028.0119727,61119,161800.421875
1769786030.319493,61139,178148.109375
1769786053.8387177,61339,162148.875
1769786059.7369568,61389,165051.375
1769786062.2267082,61409,165228.46875
1769786064.6071236,61429,159420.765625
1769786162.6522539,62259,157524.15625
1769786195.307034,62439,166660.875
1769786237.5334265,62799,167802.984375
1769786261.9059074,63009,168052.71875
1769786299.100494,63329,165059.1875
1769786301.4255114,63349,159598.09375
1769786329.4541938,63589,168376.75
1769786330.6173558,63599,171061.65625
1769786336.4226816,63649,161744.46875
1769786342.2118688,63699,163523.796875
1769786478.3751004,64739,165787.484375
1769786542.9868598,65289,165549.9375
1769786546.4483428,65319,154555.59375
1769786563.9812799,65469,160578.8125
1769786569.964391,65519,167143.109375
1769786585.238732,65649,167425.5625
1769786591.047678,65699,172157.96875
1769786609.6315544,65859,183036.359375
1769786615.4134283,65909,161334.71875
1769786641.5689604,65999,166194.90625
1769786660.5888917,66159,160791.21875
1769786728.2964067,66739,164070.796875
1769786783.3366902,67209,163163.828125
1769786795.8119385,67309,172760.59375
1769786819.740254,67509,162149.21875
1769786892.2769628,68029,162128.09375
1769786938.7387743,68429,155509.53125
1769786948.2151153,68509,153564.515625
1769786958.646268,68599,159621.6875
1769786977.2236452,68759,162183.515625
1769787025.5280674,69169,163374.5
1769787028.9945264,69199,156157.125
1769787041.9157803,69309,160596.34375
1769787107.9413083,69759,158795.890625
1769787126.5132725,69919,162856.84375
1769787132.307806,69969,166146.46875
1769787134.6213803,69989,148729.5625
1769787200.623275,70549,167500.8125
1769787275.6212757,71179,170329.40625
1769787279.1001413,71209,164565.6875
1769787286.187784,71269,160912.6875
1769787348.9884388,71649,161032.046875
1769787366.1186645,71789,164873.765625
1769787401.051352,72079,164332.15625
1769787457.949766,72539,161871.28125
1769787484.9109797,72749,164181.09375
1769787524.841759,73089,159102.96875
1769787575.3959303,73389,167121.5625
1769787593.4985955,73539,153093.21875
1769787609.8551326,73679,168256.09375
1769787680.488054,74249,162895.5
1769787694.733119,74359,155579.28125
1769787695.9520538,74369,170902.0
1769787730.1904023,74649,153237.390625
1769787734.8686152,74689,163120.265625
1769787737.3097649,74709,163477.765625
1769787753.0678418,74829,173048.78125
1769787796.9670675,75069,166877.1875
1769787812.8656323,75189,158135.125
1769787823.1608598,75269,153233.09375
1769787830.893949,75329,161022.703125
1769787844.646713,75439,172022.34375
1769787854.2316544,75519,156756.453125
1769787856.5444891,75539,164640.5625
1769787906.7260199,75939,161361.921875
1769787917.7780194,76029,152615.125
1769787920.5822546,76049,164372.03125
1769787924.597147,76079,167633.21875
1769787962.0093772,76389,167957.75
1769787968.9714055,76449,162161.875
1769787988.4218633,76609,162450.3125
1769788085.8458788,77279,166579.75
1769788089.3529508,77309,165114.25
1769788120.2053912,77569,162590.234375
1769788164.4127004,77949,156655.1875
1769788165.5771675,77959,157810.78125
1769788195.616991,78219,159258.484375
1769788215.387509,78389,168238.1875
1769788241.4381967,78509,167522.578125
1769788247.2558126,78559,170850.34375
1769788248.4204557,78569,172290.078125
1769788255.515504,78629,166151.71875
1769788295.210459,78959,164065.09375
1769788302.4927495,79019,166132.0
1769788336.2001736,79299,154353.578125
1769788406.6137257,79869,165708.890625
1769788497.3794293,80469,151903.796875
1769788536.1024396,80789,169565.15625
1769788587.2618482,81229,167916.625
1769788612.8776984,81449,165524.4375
1769788636.3621063,81639,172478.765625
1769788637.512268,81649,161003.9375
1769788670.4405594,81929,163193.5
1769788711.1861105,82169,153841.828125
1769788726.2403479,82299,152296.796875
1769788757.1202703,82559,167626.21875
1769788783.0862188,82779,154801.1875
1769788790.048646,82839,151756.890625
1769788799.3492684,82919,154239.640625
1769788805.1529827,82969,160299.609375
1769788870.1915607,83529,169292.90625
1769788882.969936,83639,154095.125
1769788899.236731,83779,165443.34375
1769788934.321498,83979,155400.53125
1769788950.5392554,84119,163927.109375
1769788956.4391525,84169,162141.4375
1769789044.191821,84919,165343.515625
1769789078.8220568,85219,161718.375
1769789110.3904033,85489,158675.40625
1769789117.6920867,85549,167565.984375
1769789140.9665542,85639,159044.96875
1769789204.786921,86189,154925.21875
1769789215.3226533,86279,161126.75
1769789252.5188532,86599,165248.90625
1769789257.1667614,86639,162638.75
1769789293.1741474,86949,164615.890625
1769789300.15268,87009,160738.53125
1769789321.1407495,87189,161424.1875
1769789328.5137506,87249,165183.09375
1769789373.3964696,87529,167726.375
1769789375.7127244,87549,173288.0625
1769789401.2920122,87769,162200.0625
1769789403.6132693,87789,170255.625
1769789455.8499331,88239,155175.875
1769789467.4550858,88339,155897.5625
1769789506.7226496,88659,156934.40625
1769789512.5091429,88709,161233.609375
1769789520.6323838,88779,157658.171875
1769789533.4113064,88889,156994.53125
1769789578.920309,89179,176572.421875
1769789583.5746083,89219,167811.34375
1769789657.7064815,89859,159534.4375
1769789681.961694,90069,162468.765625
1769789713.5558667,90339,157291.453125
1769789732.1196554,90499,164533.328125
1769789742.5832942,90589,158871.21875
1769789827.5892274,91179,153175.3125
1769789832.2799904,91219,158885.546875
1769789868.5775893,91529,164227.5
1769789940.0742576,92129,160100.34375
1769789956.261441,92269,160119.0625
1769789986.6419182,92529,167313.125
1769790046.1759036,92919,151931.671875
1769790060.5903616,93039,161534.34375
1769790063.014189,93059,168378.03125
1769790071.4659915,93129,166550.953125
1769790089.6053793,93279,169297.859375
1769790111.9824271,93459,159167.046875
1769790129.2832832,93599,159847.03125
1769790136.4764936,93659,163027.203125
1769790144.6695354,93729,152335.1875
1769790150.7706935,93779,165891.84375
1769790162.3405757,93879,158453.875
1769790256.3912437,94569,164455.03125
1769790295.1552076,94889,160361.28125
1769790355.8984346,95389,161923.6875
1769790366.5899239,95479,171693.359375
1769790377.07367,95569,156764.90625
1769790388.8733354,95669,170135.859375
1769790422.6388896,95939,160638.015625
1769790438.816354,96079,155917.125
1769790529.999563,96719,162123.625
1769790531.163915,96729,153472.484375
1769790554.7778022,96929,155327.078125
1769790569.5105536,97049,159782.0
1769790578.9088256,97129,145352.078125
1769790627.8843362,97539,163192.359375
1769790629.0388136,97549,167571.6875
1769790652.0393364,97729,161673.328125
1769790720.2719011,98139,163962.1875
1769790734.0791125,98249,162170.75
1769790750.076836,98379,162910.390625
1769790765.538282,98509,156127.40625
1769790786.5677133,98679,160055.703125
1769790820.5471032,98949,163201.40625
1769790832.2603214,99049,166483.375
1769790846.1728575,99169,163085.71875
1769790847.3398037,99179,171505.125
1769790883.9256084,99489,161593.203125
1769790885.0774322,99499,163599.71875
1769790886.277453,99509,164769.78125
1769790897.896869,99609,163848.5625
1769790912.9271345,99739,164657.25
1769790919.908171,99799,161133.1875
1769790943.3690543,99879,163683.78125
1769790950.3527505,99939,160278.25
1769791032.0793586,100639,158195.328125
1769791063.4039736,100909,165988.40625
1769791099.26212,101219,162693.0
1769791118.9387732,101389,156378.171875
1769791192.6584864,101919,168763.90625
1769791212.380255,102089,160555.28125
1769791220.49704,102159,164263.328125
1769791283.1191444,102699,153003.5
1769791295.8875911,102809,162846.71875
1769791379.5863276,103429,165725.0
1769791383.062841,103459,152361.5625
1769791384.2237754,103469,162942.0
1769791441.0567358,103959,161150.15625
1769791498.8323433,104459,160721.71875
1769791505.727205,104519,164662.671875
1769791506.881856,104529,168365.515625
1769791513.8388946,104589,164615.4375
1769791563.7073126,105019,158330.140625
1769791583.6356175,105189,151932.125
1769791645.4402711,105619,169208.890625
1769791659.358177,105739,169931.78125
1769791686.0420284,105969,158484.890625
1769791706.8927863,106149,162331.890625
1769791729.1831613,106339,160794.875
1769791740.7775292,106439,164689.59375
1769791743.094524,106459,148340.65625
1769791828.7057264,107079,156377.46875
1769791840.280479,107179,164072.4375
1769791848.3894074,107249,155145.0
1769791854.1727295,107299,163075.0625
1769791872.8522327,107459,163424.890625
1769791880.993701,107529,155667.40625
1769791903.21155,107719,164770.484375
1769791985.493906,108429,162288.96875
1769792061.445343,108979,151003.03125
1769792153.0744345,109769,163300.84375
1769792206.728762,110229,160507.875
1769792207.8854136,110239,169602.84375
1769792213.6649745,110289,155696.453125
1769792222.9271066,110369,155433.1875
1769792255.8738732,110549,158302.84375
1769792302.459815,110949,148414.46875
1769792330.132306,111189,164596.09375
1769792337.0267425,111249,159271.21875
1769792338.1765175,111259,169792.59375
1769792377.6320052,111599,156074.03125
1769792390.372229,111709,172450.859375
1769792436.7648456,112089,166986.4375
1769792441.9250114,112129,164643.65625
1769792449.406477,112189,157088.40625
1769792457.6119606,112259,163674.640625
1769792458.931465,112269,163473.234375
1769792602.8142953,113309,166564.96875
1769792604.163162,113319,152474.125
1769792685.98608,113949,164483.6875
1769792698.3653953,114049,155990.59375
1769792704.5378976,114099,164475.890625
1769792764.4647086,114439,153105.390625
1769792770.3769608,114489,158099.5625
1769792785.462432,114619,166598.484375
1769792787.786126,114639,160552.359375
1769792861.8498607,115269,158335.96875
1769792915.284893,115709,160936.03125
1769792925.290311,115789,161243.125
1769792982.1460571,116119,161092.453125
1769793081.3450675,116969,159410.65625
1769793127.974079,117369,158857.375
1769793153.0696151,117569,161540.484375
1769793163.7032545,117659,151593.984375
1769793206.4926546,117869,155802.953125
1769793242.8703127,118179,150115.0625
1769793245.2087703,118199,171005.28125
1769793249.8647351,118239,155920.421875
1769793274.3895957,118449,161462.3125
1769793278.0620134,118479,169132.96875
1769793282.7087324,118519,166014.234375
1769793301.7177572,118679,153625.609375
1769793312.3519933,118769,168110.390625
1769793319.330039,118829,173720.546875
1769793363.7078216,119199,161433.0
1769793425.7229874,119559,161236.875
1769793445.5233512,119729,166904.953125
1769793509.392959,120279,168128.171875
1769793557.1007576,120689,155291.484375
1769793566.3992095,120769,158869.59375
1769793653.4530509,121359,155773.15625
1769793699.8391078,121759,163889.03125
1769793704.4867225,121799,162198.375
1769793740.4654462,122109,159290.234375
1769793769.492846,122359,163034.5625
1769793811.269539,122719,153799.71875
1769793865.237792,123029,148393.0625
1769793867.6049714,123049,162593.53125
1769793881.4960258,123169,159224.59375
1769793927.4673815,123549,165687.96875
1769793941.391776,123669,153777.921875
1769793973.9265282,123949,156058.203125
1769793978.547157,123989,152373.9375
1769793980.866057,124009,144800.671875
1769794005.1660662,124219,154814.8125
1769794006.3203025,124229,158435.6875
1769794023.6729286,124379,153188.875
1769794038.017336,124499,165584.953125
1769794069.7681339,124769,158478.0
1769794072.0920022,124789,167001.671875
1769794074.411124,124809,166598.203125
1769794177.0003326,125549,156885.15625
1769794231.4302943,126019,157328.625
1769794286.245334,126489,161159.921875
1769794292.0779486,126539,164028.875
1769794339.415675,126799,150209.0625
1769794372.8761127,127089,165088.953125
1769794458.7701566,127829,169658.109375
1769794469.2080903,127919,157227.46875
1769794564.7057607,128589,156286.09375
1769794614.6255782,129019,155230.203125
1769794619.2486327,129059,165908.578125
1769794638.9810352,129229,167142.09375
1769794664.46435,129449,152412.59375
1769794697.1135886,129729,158666.375
1769794701.7402747,129769,154399.65625
1769794726.0526958,129979,163329.59375
1769794741.0955155,130109,147729.484375
1769794774.5605829,130249,158641.21875
1769794788.4463894,130369,167119.84375
1769794789.5999808,130379,165557.9375
1769794802.267472,130489,150299.21875
1769794848.4376402,130889,173595.6875
1769794853.0669358,130929,152905.59375
1769794964.5843396,131889,163570.328125
1769795007.1020825,132109,157291.40625
1769795026.835499,132279,154827.046875
1769795053.8125708,132509,150994.65625
1769795067.3352013,132619,158256.625
1769795120.1389356,133049,158597.78125
1769795175.8082645,133499,155711.96875
1769795239.3529851,133889,163189.90625
1769795274.120964,134189,160829.90625
1769795316.8904219,134559,158646.8125
1769795394.7178292,135229,159955.75
1769795405.1113722,135319,154253.65625
1769795406.264273,135329,159145.65625
1769795443.4494178,135509,155480.59375
1769795452.7466292,135589,164618.421875
1769795473.5408225,135769,153519.21875
1769795487.4346004,135889,166222.515625
1769795527.9835322,136239,156487.6875
1769795550.0715466,136429,161975.125
1769795552.3953576,136449,165982.71875
1769795555.8820677,136479,152949.3125
1769795570.992968,136609,157293.46875
1769795619.4932027,137029,155598.78125
1769795635.6610603,137169,160152.9375
1769795673.8604093,137369,163241.328125
1769795700.5996282,137599,161860.796875
1769795750.3715308,138029,164031.375
1769795783.7874584,138319,167241.65625
1769795804.577274,138499,160202.765625
1769795852.1361403,138909,164173.328125
1769795899.8922977,139169,163080.828125
1769795963.4957561,139719,160908.09375
1769795973.897305,139809,153954.5625
1769796004.3936203,140069,163690.75
1769796050.6595218,140469,156508.0
1769796132.2666273,141029,155883.96875
1769796145.0530946,141139,160318.90625
1769796161.2730386,141279,169907.0
1769796176.3001034,141409,159208.375
1769796197.473442,141589,151266.8125
1769796219.5011575,141779,159755.0
1769796232.287609,141889,156466.203125
1769796239.2547438,141949,157142.03125
1769796253.2068143,142069,165112.828125
1769796265.9958944,142179,169944.0
1769796272.9717345,142239,159688.84375
1769796274.131002,142249,168502.765625
1769796313.823687,142589,162525.78125
1769796340.085357,142659,158616.53125
1769796437.9641345,143499,156602.34375
1769796443.7750466,143549,163643.765625
1769796451.922365,143619,158712.390625
1769796458.8950448,143679,154669.875
1769796496.0568748,143999,168275.3125
1769796497.218402,144009,160360.875
1769796503.026621,144059,151888.609375
1769796519.2914798,144199,154981.015625
1769796528.5534308,144279,159126.9375
1769796529.7090948,144289,154498.25
1769796623.1498263,144949,154068.9375
1769796625.4582777,144969,165298.921875
1769796670.7480438,145359,154123.0
1769796671.9050317,145369,150396.875
1769796719.4653018,145779,165561.375
1769796790.430202,146239,160335.15625
1769796815.8956873,146459,161396.78125
1769796931.7138796,147459,157688.984375
1769796948.9868944,147609,160482.71875
1769796968.6295714,147779,157246.5625
1769796977.9274938,147859,147404.71875
1769797034.761126,148199,157949.46875
1769797072.263694,148519,153514.0625
1769797087.257729,148649,168045.9375
1769797091.8688054,148689,160821.53125
1769797127.7496014,148999,157357.46875
1769797140.5207815,149109,172767.9375
1769797153.3116865,149219,159086.546875
1769797157.948093,149259,155479.625
1769797175.3422136,149409,161833.09375
1769797284.1329117,150199,162374.359375
1769797337.071274,150659,160067.296875
1769797338.2285175,150669,164325.1875
1769797342.847206,150709,149786.578125
1769797375.1813626,150989,155071.265625
1769797389.0421617,151109,156103.96875
1769797400.6035998,151209,162513.9375
1769797405.230574,151249,156790.125
1769797421.4153526,151389,153157.875
1769797438.7952192,151539,166820.546875
1769797478.6781101,151769,155868.9375
1769797489.1129584,151859,157925.5625
1769797505.367841,151999,159332.53125
1769797643.2608736,153189,156849.421875
1769797673.5674205,153349,165015.5
1769797689.8032749,153489,164635.625
1769797705.9552534,153629,160789.4375
1769797716.3353724,153719,170136.953125
1769797749.8655689,154009,157489.09375
1769797771.8178678,154199,172889.40625
1769797790.2965462,154359,151835.40625
1769797797.227435,154419,170127.0625
1769797814.5736187,154569,161912.1875
1769797821.5178256,154629,152111.734375
1769797853.8952444,154909,161395.3125
1769797856.2058105,154929,161689.046875
1769797865.458206,155009,160368.015625
1769798004.8034515,156109,154555.734375
1769798031.4365132,156339,155569.28125
1769798037.2470152,156389,166808.3125
1769798072.0054731,156689,151631.578125
1769798135.4025366,157129,158777.765625
1769798146.9476595,157229,154156.609375
1769798178.1779041,157499,161048.734375
1769798190.9715803,157609,166702.796875
1769798225.7633903,157909,162134.203125
1769798229.2428987,157939,161060.8125
1769798238.5484135,158019,161976.15625
1769798244.338765,158069,158474.890625
1769798260.4932194,158209,158021.140625
1769798273.1458325,158319,149725.40625
1769798335.180017,158739,157915.6875
1769798390.9661496,159219,153797.375
1769798392.1304872,159229,159788.796875
1769798438.4909842,159629,165404.78125
1769798459.317802,159809,152694.0
1769798497.660366,160139,144128.875
1769798519.6696248,160329,162451.53125
1769798531.2745056,160429,165126.125
1769798585.8052347,160769,151267.34375
1769798619.2538407,161059,164295.40625
1769798633.1313004,161179,167516.046875
1769798642.3776798,161259,163254.421875
1769798671.325225,161509,152884.546875
1769798712.0672557,161859,152785.1875
1769798713.222673,161869,160399.28125
1769798785.806653,162369,165208.65625
1769798789.2923703,162399,160445.859375
1769798791.6237555,162419,156381.171875
1769798798.5815253,162479,157428.140625
1769798875.1254423,163139,156642.671875
1769798913.4513595,163469,147540.828125
1769798966.880366,163929,157142.59375
1769799004.8889213,164119,151755.078125
1769799008.3856566,164149,167518.6875
1769799023.4895368,164279,155351.8125
1769799093.1166937,164879,157499.359375
1769799171.5552444,165549,166060.359375
1769799245.2024148,166039,166135.15625
1769799247.5274332,166059,171053.96875
1769799259.1582124,166159,160267.96875
1769799299.8447764,166509,156514.21875
1769799310.2669806,166599,154661.125
1769799393.8183317,167319,153481.34375
1769799398.463091,167359,169556.09375
1769799482.0729642,167939,151618.625
1769799508.7667804,168169,160086.515625
1769799529.6475658,168349,148014.125
1769799564.3110092,168649,161272.15625
1769799566.6311243,168669,157295.265625
1769799582.7070377,168809,158332.875
1769799586.1613774,168839,151212.84375
1769799613.9471905,169079,156083.375
1769799677.2774365,169479,166595.9375
1769799681.8894346,169519,163208.625
1769799740.7604523,170029,162382.5
1769799756.9767764,170169,164533.78125
1769799801.1715586,170549,157010.859375
1769799804.6596875,170579,150459.953125
1769799826.7488954,170769,158479.515625
1769799894.3640785,171209,152279.4375
1769799901.326943,171269,163950.625
1769799902.4828393,171279,158679.78125
1769799921.5450325,171439,155231.34375
1769799935.4105747,171559,150341.328125
1769799995.8142645,172079,152398.046875
1769800021.352611,172299,156164.53125
1769800023.676435,172319,155603.328125
1769800045.6417537,172509,161300.875
1769800060.6587257,172639,164586.3125
1769800064.1441026,172669,155787.71875
1769800072.2779949,172739,167299.65625
1769800081.5597062,172819,160561.609375
1769800229.8427787,173949,161905.546875
1769800263.4841456,174239,155079.734375
1769800272.7725425,174319,163133.8125
1769800273.9312232,174329,158756.65625
1769800386.5484107,175159,152949.578125
1769800394.6953607,175229,167234.59375
1769800442.31257,175639,157127.96875
1769800504.7610054,176179,161100.875
1769800522.1462636,176329,152671.6875
1769800523.306334,176339,155225.515625
1769800540.7241163,176489,164540.921875
1769800583.90547,176719,149724.828125
1769800603.5820591,176889,144268.8125
1769800614.0235279,176979,163269.015625
1769800653.2102473,177319,156586.40625
1769800688.0209439,177619,160556.21875
1769800696.1489153,177689,151066.4375
1769800749.5999558,178149,157703.5
1769800824.13444,178639,153521.375
1769800835.7381637,178739,166875.90625
1769800843.912517,178809,158203.96875
1769800845.0782125,178819,149446.390625
1769800849.717853,178859,158587.484375
1769800894.9060633,179249,154484.375
1769800907.605827,179359,157725.25
1769800927.24384,179529,159857.34375
1769800941.1741207,179649,163952.46875
1769800988.777939,180059,159569.53125
1769801009.8231487,180089,164209.171875
1769801040.9230928,180359,152246.859375
1769801049.0349169,180429,165243.3125
1769801074.787869,180649,164244.09375
1769801093.370713,180809,166443.28125
1769801102.684316,180889,164564.859375
1769801127.0679605,181099,154405.671875
1769801141.0256224,181219,158468.34375
1769801150.3455908,181299,163434.28125
1769801154.9884048,181339,164692.1875
1769801159.6132839,181379,157457.09375
1769801258.1568663,182079,155130.265625
1769801338.118177,182769,166595.9375
1769801403.1441882,183329,158471.109375
1769801418.2663887,183459,160519.84375
1769801468.8741596,183749,156628.875
1769801503.6812346,184049,162340.421875
1769801504.8389678,184059,159603.875
1769801518.747845,184179,162500.265625
1769801532.65901,184299,154757.4375
1769801541.9805999,184379,163851.234375
1769801550.1137779,184449,164915.46875
1769801561.7255733,184549,155565.03125
1769801578.001156,184689,160951.484375
1769801593.0796194,184819,160329.8125
1769801603.4673617,184909,154082.484375
1769801640.38174,185229,159648.34375
1769801731.0422175,185869,154870.078125
1769801765.74349,186169,160800.3125
1769801771.5205214,186219,155530.375
1769801772.6751027,186229,153669.84375
1769801786.5347574,186349,164121.25
1769801799.2650256,186459,159621.625
1769801942.0323675,187589,159276.1875
1769801943.1867993,187599,164357.859375
1769801950.1141357,187659,154145.46875
1769801953.5796087,187689,162934.4375
1769801967.4865954,187809,150716.9375
1769801984.9138472,187959,171220.328125
1769802074.3761067,188729,156023.8125
1769802104.5789893,188989,168084.28125
1769802125.811007,189049,161484.421875
1769802126.9726546,189059,163326.375
1769802167.4543314,189409,156949.96875
1769802196.3753645,189659,163614.09375
1769802226.6281424,189919,164905.0625
1769802278.9049532,190369,145848.625
1769802282.366199,190399,157414.21875
1769802307.7875814,190619,163098.5
1769802364.2774732,190999,151281.0
1769802375.9004974,191099,166838.5
1769802380.5478032,191139,153435.34375
1769802381.7101722,191149,163330.9375
1769802491.7436736,192099,164987.84375
1769802494.0392125,192119,163338.21875
1769802500.080645,192169,168398.8125
1769802584.6950734,192769,155238.0625
1769802587.0087209,192789,163339.890625
1769802623.371994,193099,161115.65625
1769802635.001883,193199,156763.5625
1769802692.714341,193699,160517.71875
1769802702.033723,193779,152711.5
1769802719.4537086,193929,162829.1875
1769802731.072808,194029,165003.015625
1769802735.7115984,194069,165598.78125
1769802752.0362475,194209,156658.40625
1769802818.6020467,194659,151895.515625
1769802829.0574822,194749,155425.78125
1769802856.949375,194989,181315.875
1769802860.4391441,195019,151882.59375
1769802912.7161763,195469,164147.15625
1769803010.5482244,196179,161081.15625
1769803029.1264966,196339,161410.125
1769803053.4955683,196549,163656.4375
1769803061.5842545,196619,169016.921875
1769803108.1411803,197019,162793.921875
1769803180.1456275,197639,156898.0625
1769803182.462784,197659,156017.9375
1769803187.098672,197699,148158.453125
1769803286.9510098,198419,164680.375
1769803310.2315137,198619,165199.0625
1769803349.7590246,198959,155465.25
1769803368.3618848,199119,157740.65625
1769803383.8188455,199229,157514.71875
1769803438.4058032,199669,159112.296875
1769803485.1353364,199819,165170.015625
1769803486.6313734,199829,166250.578125
1769803492.7815683,199869,157383.5
1769803512.7018745,199999,154685.5625
1769803535.850978,200149,166255.984375
1769803629.0706594,200759,151781.84375
1769803686.152823,201129,161153.21875
1769803718.021798,201349,149742.5625
1769804000.0855803,203119,155780.4375
1769804055.3342912,203329,168362.5625
1769804096.1766593,203629,149039.0
1769804133.3916433,203949,160478.59375
1769804143.8087726,204039,161595.484375
1769804165.805904,204229,166007.59375
1769804186.6935875,204409,166721.59375
1769804237.9111152,204849,158820.90625
1769804248.382792,204939,158444.515625
1769804287.716478,205139,152388.0
1769804313.1252599,205359,154660.375
1769804323.4716225,205449,167319.140625
1769804339.7352993,205589,157035.53125
1769804359.4756818,205759,157933.25
1769804362.9732335,205789,156630.765625
1769804366.4471242,205819,157344.4375
1769804409.4035974,206189,157630.125
1769804441.6881795,206469,162600.359375
1769804452.1494913,206559,152364.734375
1769804462.6325397,206649,151752.421875
1769804464.95966,206669,155908.65625
1769804574.9250197,207499,171435.796875
1769804587.6160145,207609,157426.625
1769804619.8148763,207879,167383.3125
1769804651.404591,208139,160355.3125
1769804681.7938766,208389,166503.171875
1769804685.695104,208419,161532.171875
1769804707.6396022,208589,164610.25
1769804831.3459566,209479,151282.15625
1769804836.0293689,209519,160937.625
1769804854.5836465,209669,160849.265625
1769804857.159489,209689,160137.609375
1769804863.3841667,209739,166454.4375
1769804870.833168,209799,150530.59375
1769804886.6544125,209929,161299.859375
1769804896.4309065,210009,151383.765625
1769804940.8853066,210369,156367.703125
1769804976.4755228,210529,157547.40625
1769805064.767457,211249,148981.25
1769805070.833103,211299,148065.28125
1769805098.0429225,211519,160517.015625
1769805100.526266,211539,154107.65625
1769805114.9653845,211659,158294.390625
1769805124.997643,211739,163281.5
1769805132.24112,211799,168137.59375
1769805164.564755,212059,156737.75
1769805169.6167705,212099,158130.9375
1769805217.4660687,212339,167212.03125
1769805231.6570613,212449,165040.03125
1769805260.3700373,212679,161200.09375
1769805275.1896448,212799,158425.84375
1769805314.9485197,213119,148342.484375
1769805396.645954,213779,160906.578125
1769805412.9155214,213909,160320.890625
1769805466.7021673,214199,164913.96875
1769805480.7155151,214309,166401.3125
1769805524.28556,214659,151615.15625
1769805538.2538006,214769,158036.84375
1769805554.6825314,214899,160221.625
1769805686.6498206,215829,166211.59375
1769805689.1962664,215849,160383.5625
1769805699.9664876,215939,165741.40625
1769805704.7010446,215979,156251.78125
1769805705.8675296,215989,150349.25
1769805714.0662034,216059,145707.203125
1769805734.1052387,216219,158049.953125
1769805740.4242299,216269,152625.265625
1769805797.1469872,216729,151286.46875
1769805802.3192415,216769,158710.09375
1769805804.8380527,216789,160442.125
1769805855.2621927,217179,176585.0625
1769805858.862491,217209,164043.203125
1769805876.8186748,217349,158026.375
1769805990.3014534,218129,154442.40625
1769805998.9936645,218199,158547.875
1769806030.9627283,218459,148092.59375
1769806323.099915,220639,162261.96875
1769806353.069468,220879,168553.375
1769806401.8666434,221139,163980.375
1769806403.0903685,221149,156600.90625
1769806430.0335934,221369,156734.15625
1769806437.4664497,221429,157227.109375
1769806442.362763,221469,164286.5
1769806462.240406,221629,160233.5
1769806490.7907329,221859,164125.59375
1769806545.6537724,222299,156380.28125
1769806600.8258002,222739,166941.5
1769806613.5713766,222839,159282.90625
1769806616.3196151,222859,164710.140625
1769806640.9275174,222929,157707.28125
1769806659.351815,223079,161851.6875
1769806748.570941,223789,159432.6875
1769806751.090276,223809,152212.296875
1769806797.3800533,224179,160204.0
1769806874.7190018,224659,154213.375
1769806901.1032126,224869,163443.484375
1769806936.981099,225149,156795.84375
1769806946.7692747,225229,151633.8125
1769806959.4818513,225329,156268.53125
1769806981.7915597,225509,153245.03125
1769807002.975264,225679,169343.375
1769807026.562714,225869,158800.484375
